coat1,mens,19,15,apr
coat1,mens,19,15,aug
coat1,mens,19,33,dec
coat1,mens,19,10,feb
coat1,mens,19,33,jan
coat1,mens,19,33,jul
coat1,mens,19,10,jun
coat1,mens,19,15,mar
coat1,mens,19,10,may
coat1,mens,19,15,nov
coat1,mens,19,10,oct
coat1,mens,19,15,sep
coat1,kids,15,15,apr
coat1,kids,15,15,aug
coat1,kids,15,33,dec
coat1,kids,15,10,feb
coat1,kids,15,33,jan
coat1,kids,15,33,jul
coat1,kids,15,10,jun
coat1,kids,15,15,mar
coat1,kids,15,10,may
coat1,kids,15,15,nov
coat1,kids,15,10,oct
coat1,kids,15,15,sep
coat2,womens,59,15,aug
coat2,womens,59,15,apr
coat2,womens,59,33,dec
coat2,womens,59,10,feb
coat2,womens,59,33,jan
coat2,womens,59,33,jul
coat2,womens,59,10,jun
coat2,womens,59,10,may
coat2,womens,59,15,mar
coat2,womens,59,15,nov
coat2,womens,59,10,oct
coat2,womens,59,15,sep
coat3,mens,40,15,aug
coat3,mens,40,15,apr
coat3,mens,40,33,dec
coat3,mens,40,10,feb
coat3,mens,40,33,jan
coat3,mens,40,33,jul
coat3,mens,40,10,jun
coat3,mens,40,10,may
coat3,mens,40,15,mar
coat3,mens,40,15,nov
coat3,mens,40,10,oct
coat3,mens,40,15,sep
coat3,womens,55,15,aug
coat3,womens,55,15,apr
coat3,womens,55,33,dec
coat3,womens,55,10,feb
coat3,womens,55,33,jan
coat3,womens,55,33,jul
coat3,womens,55,10,jun
coat3,womens,55,10,may
coat3,womens,55,15,mar
coat3,womens,55,15,nov
coat3,womens,55,10,oct
coat3,womens,55,15,sep
coat3,kids,55,15,aug
coat3,kids,55,15,apr
coat3,kids,55,33,dec
coat3,kids,55,10,feb
coat3,kids,55,33,jan
coat3,kids,55,33,jul
coat3,kids,55,10,jun
coat3,kids,55,10,may
coat3,kids,55,15,mar
coat3,kids,55,15,nov
coat3,kids,55,10,oct
coat3,kids,55,15,sep
coat4,womens,41,15,sep
coat4,womens,41,10,oct
coat4,womens,41,15,nov
coat4,womens,41,10,may
coat4,womens,41,15,mar
coat4,womens,41,10,jun
coat4,womens,41,33,jul
coat4,womens,41,33,jan
coat4,womens,41,33,dec
coat4,womens,41,15,aug
coat4,womens,41,15,apr
coat4,mens,29,15,sep
coat4,mens,29,10,oct
coat4,mens,29,15,nov
coat4,mens,29,10,may
coat4,mens,29,15,mar
coat4,mens,29,10,jun
coat4,mens,29,33,jul
coat4,mens,29,33,jan
coat4,mens,29,33,dec
coat4,mens,29,15,aug
coat4,mens,29,15,apr
coat5,womens,89,15,sep
coat5,womens,89,15,nov
coat5,womens,89,10,oct
coat5,womens,89,10,may
coat5,womens,89,15,mar
coat5,womens,89,10,jun
coat5,womens,89,33,jul
coat5,womens,89,33,jan
coat5,womens,89,10,feb
coat5,womens,89,33,dec
coat5,womens,89,15,apr
coat5,womens,89,15,aug
coat6,kids,55,15,aug
coat6,kids,55,15,apr
coat6,kids,55,33,dec
coat6,kids,55,10,feb
coat6,kids,55,33,jan
coat6,kids,55,33,jul
coat6,kids,55,10,jun
coat6,kids,55,15,mar
coat6,kids,55,10,may
coat6,kids,55,10,oct
coat6,kids,55,15,nov
coat6,kids,55,15,sep
coat6,mens,95,15,aug
coat6,mens,95,15,apr
coat6,mens,95,33,dec
coat6,mens,95,10,feb
coat6,mens,95,33,jan
coat6,mens,95,33,jul
coat6,mens,95,10,jun
coat6,mens,95,15,mar
coat6,mens,95,10,may
coat6,mens,95,10,oct
coat6,mens,95,15,nov
coat6,mens,95,15,sep
pants1,womens,39,15,apr
pants1,womens,39,33,dec
pants1,womens,39,10,feb
pants1,womens,39,33,jan
pants1,womens,39,33,jul
pants1,womens,39,10,jun
pants1,womens,39,15,mar
pants1,womens,39,10,may
pants1,womens,39,15,nov
pants1,womens,39,10,oct
pants1,womens,39,15,sep
pants1,kids,22,15,apr
pants1,kids,22,33,dec
pants1,kids,22,10,feb
pants1,kids,22,33,jan
pants1,kids,22,33,jul
pants1,kids,22,10,jun
pants1,kids,22,15,mar
pants1,kids,22,10,may
pants1,kids,22,15,nov
pants1,kids,22,10,oct
pants1,kids,22,15,sep
pants2,mens,39,15,apr
pants2,mens,39,15,aug
pants2,mens,39,33,dec
pants2,mens,39,10,feb
pants2,mens,39,33,jan
pants2,mens,39,33,jul
pants2,mens,39,10,jun
pants2,mens,39,15,mar
pants2,mens,39,10,may
pants2,mens,39,15,nov
pants2,mens,39,10,oct
pants2,mens,39,15,sep
pants2,womens,36,15,apr
pants2,womens,36,15,aug
pants2,womens,36,33,dec
pants2,womens,36,10,feb
pants2,womens,36,33,jan
pants2,womens,36,33,jul
pants2,womens,36,10,jun
pants2,womens,36,15,mar
pants2,womens,36,10,may
pants2,womens,36,15,nov
pants2,womens,36,10,oct
pants2,womens,36,15,sep
pants2,kids,19,15,apr
pants2,kids,19,15,aug
pants2,kids,19,33,dec
pants2,kids,19,10,feb
pants2,kids,19,33,jan
pants2,kids,19,33,jul
pants2,kids,19,10,jun
pants2,kids,19,15,mar
pants2,kids,19,10,may
pants2,kids,19,15,nov
pants2,kids,19,10,oct
pants2,kids,19,15,sep
pants3,mens,39,15,apr
pants3,mens,39,15,aug
pants3,mens,39,33,dec
pants3,mens,39,10,feb
pants3,mens,39,33,jan
pants3,mens,39,10,jun
pants3,mens,39,15,mar
pants3,mens,39,10,may
pants3,mens,39,15,nov
pants3,mens,39,10,oct
pants3,mens,39,15,sep
pants4,kids,49,15,sep
pants4,kids,49,10,oct
pants4,kids,49,15,nov
pants4,kids,49,10,may
pants4,kids,49,15,mar
pants4,kids,49,10,jun
pants4,kids,49,33,jul
pants4,kids,49,33,jan
pants4,kids,49,10,feb
pants4,kids,49,33,dec
pants4,kids,49,15,aug
pants4,kids,49,15,apr
pants5,kids,30,15,apr
pants5,kids,30,33,dec
pants5,kids,30,15,aug
pants5,kids,30,10,feb
pants5,kids,30,33,jan
pants5,kids,30,33,jul
pants5,kids,30,10,jun
pants5,kids,30,15,mar
pants5,kids,30,15,nov
pants5,kids,30,10,may
pants5,kids,30,10,oct
pants5,kids,30,15,sep
pants5,womens,69,15,apr
pants5,womens,69,33,dec
pants5,womens,69,15,aug
pants5,womens,69,10,feb
pants5,womens,69,33,jan
pants5,womens,69,33,jul
pants5,womens,69,10,jun
pants5,womens,69,15,mar
pants5,womens,69,15,nov
pants5,womens,69,10,may
pants5,womens,69,10,oct
pants5,womens,69,15,sep
pants6,womens,89,15,sep
pants6,womens,89,15,nov
pants6,womens,89,10,oct
pants6,womens,89,10,may
pants6,womens,89,15,mar
pants6,womens,89,10,jun
pants6,womens,89,33,jul
pants6,womens,89,33,jan
pants6,womens,89,10,feb
pants6,womens,89,33,dec
pants6,womens,89,15,aug
pants6,womens,89,15,apr
shirt1,kids,15,15,sep
shirt1,kids,15,10,oct
shirt1,kids,15,15,nov
shirt1,kids,15,10,may
shirt1,kids,15,15,mar
shirt1,kids,15,10,jun
shirt1,kids,15,33,jul
shirt1,kids,15,33,jan
shirt1,kids,15,10,feb
shirt1,kids,15,33,dec
shirt1,kids,15,15,aug
shirt1,kids,15,15,apr
shirt1,mens,49,15,sep
shirt1,mens,49,10,oct
shirt1,mens,49,15,nov
shirt1,mens,49,10,may
shirt1,mens,49,15,mar
shirt1,mens,49,10,jun
shirt1,mens,49,33,jul
shirt1,mens,49,33,jan
shirt1,mens,49,10,feb
shirt1,mens,49,33,dec
shirt1,mens,49,15,aug
shirt1,mens,49,15,apr
shirt2,womens,57,15,apr
shirt2,womens,57,15,aug
shirt2,womens,57,33,dec
shirt2,womens,57,10,feb
shirt2,womens,57,33,jan
shirt2,womens,57,33,jul
shirt2,womens,57,10,jun
shirt2,womens,57,15,mar
shirt2,womens,57,10,may
shirt2,womens,57,15,nov
shirt2,womens,57,15,sep
shirt2,womens,57,10,oct
shirt3,kids,27,15,apr
shirt3,kids,27,15,aug
shirt3,kids,27,33,dec
shirt3,kids,27,10,feb
shirt3,kids,27,33,jan
shirt3,kids,27,33,jul
shirt3,kids,27,10,jun
shirt3,kids,27,15,mar
shirt3,kids,27,10,may
shirt3,kids,27,15,nov
shirt3,kids,27,10,oct
shirt3,kids,27,15,sep
shirt3,mens,19,15,apr
shirt3,mens,19,15,aug
shirt3,mens,19,33,dec
shirt3,mens,19,10,feb
shirt3,mens,19,33,jan
shirt3,mens,19,33,jul
shirt3,mens,19,10,jun
shirt3,mens,19,15,mar
shirt3,mens,19,10,may
shirt3,mens,19,15,nov
shirt3,mens,19,10,oct
shirt3,mens,19,15,sep
shirt4,mens,29,15,sep
shirt4,mens,29,10,oct
shirt4,mens,29,15,nov
shirt4,mens,29,10,may
shirt4,mens,29,15,mar
shirt4,mens,29,10,jun
shirt4,mens,29,33,jul
shirt4,mens,29,33,jan
shirt4,mens,29,10,feb
shirt4,mens,29,33,dec
shirt4,mens,29,15,aug
shirt4,mens,29,15,apr
